{
  "Delete Request" : {
    "transaction" : "Delete Request",
    "sampleCount" : 1800,
    "errorCount" : 0,
    "errorPct" : 0.0,
    "meanResTime" : 9237.272222222215,
    "medianResTime" : 9267.5,
    "minResTime" : 2742.0,
    "maxResTime" : 13584.0,
    "pct1ResTime" : 12683.9,
    "pct2ResTime" : 12973.95,
    "pct3ResTime" : 13523.97,
    "throughput" : 96.85230024213075,
    "receivedKBytesPerSec" : 23.45641646489104,
    "sentKBytesPerSec" : 23.078087167070215
  },
  "Token Request" : {
    "transaction" : "Token Request",
    "sampleCount" : 1800,
    "errorCount" : 0,
    "errorPct" : 0.0,
    "meanResTime" : 340.2794444444449,
    "medianResTime" : 319.0,
    "minResTime" : 252.0,
    "maxResTime" : 1122.0,
    "pct1ResTime" : 436.9000000000001,
    "pct2ResTime" : 483.0,
    "pct3ResTime" : 685.99,
    "throughput" : 66.21054954756124,
    "receivedKBytesPerSec" : 17.522518483778416,
    "sentKBytesPerSec" : 16.746613606267932
  },
  "Get Request" : {
    "transaction" : "Get Request",
    "sampleCount" : 1800,
    "errorCount" : 0,
    "errorPct" : 0.0,
    "meanResTime" : 10289.302222222215,
    "medianResTime" : 10301.0,
    "minResTime" : 5831.0,
    "maxResTime" : 13502.0,
    "pct1ResTime" : 12832.0,
    "pct2ResTime" : 12984.0,
    "pct3ResTime" : 13055.0,
    "throughput" : 54.716235522996016,
    "receivedKBytesPerSec" : 22.068169209958356,
    "sentKBytesPerSec" : 10.098992689302976
  },
  "Debug Sampler" : {
    "transaction" : "Debug Sampler",
    "sampleCount" : 1800,
    "errorCount" : 0,
    "errorPct" : 0.0,
    "meanResTime" : 0.7038888888888902,
    "medianResTime" : 0.0,
    "minResTime" : 0.0,
    "maxResTime" : 38.0,
    "pct1ResTime" : 1.0,
    "pct2ResTime" : 1.0,
    "pct3ResTime" : 23.0,
    "throughput" : 386.43194504079,
    "receivedKBytesPerSec" : 132.92843796962214,
    "sentKBytesPerSec" : 0.0
  },
  "Total" : {
    "transaction" : "Total",
    "sampleCount" : 10800,
    "errorCount" : 0,
    "errorPct" : 0.0,
    "meanResTime" : 8950.830555555556,
    "medianResTime" : 9562.0,
    "minResTime" : 0.0,
    "maxResTime" : 34638.0,
    "pct1ResTime" : 19955.0,
    "pct2ResTime" : 21698.85,
    "pct3ResTime" : 23223.98,
    "throughput" : 188.51786555883328,
    "receivedKBytesPerSec" : 65.66966457893312,
    "sentKBytesPerSec" : 48.72499519977657
  },
  "Create Request" : {
    "transaction" : "Create Request",
    "sampleCount" : 1800,
    "errorCount" : 0,
    "errorPct" : 0.0,
    "meanResTime" : 16916.94055555555,
    "medianResTime" : 17616.5,
    "minResTime" : 5746.0,
    "maxResTime" : 34638.0,
    "pct1ResTime" : 22995.0,
    "pct2ResTime" : 23328.75,
    "pct3ResTime" : 24762.93,
    "throughput" : 49.32182490752158,
    "receivedKBytesPerSec" : 21.289303329223184,
    "sentKBytesPerSec" : 20.663147348951913
  },
  "Update Request" : {
    "transaction" : "Update Request",
    "sampleCount" : 1800,
    "errorCount" : 0,
    "errorPct" : 0.0,
    "meanResTime" : 16920.484999999982,
    "medianResTime" : 16708.5,
    "minResTime" : 10835.0,
    "maxResTime" : 22069.0,
    "pct1ResTime" : 20488.600000000002,
    "pct2ResTime" : 21133.95,
    "pct3ResTime" : 21887.0,
    "throughput" : 47.70360162192246,
    "receivedKBytesPerSec" : 19.286417061988182,
    "sentKBytesPerSec" : 21.75545113031034
  }
}