{
  "Delete Request" : {
    "transaction" : "Delete Request",
    "sampleCount" : 2450,
    "errorCount" : 597,
    "errorPct" : 24.367348,
    "meanResTime" : 11847.303673469392,
    "medianResTime" : 14952.0,
    "minResTime" : 0.0,
    "maxResTime" : 29599.0,
    "pct1ResTime" : 17229.9,
    "pct2ResTime" : 17503.9,
    "pct3ResTime" : 26452.94,
    "throughput" : 45.80209754912042,
    "receivedKBytesPerSec" : 31.376061656400143,
    "sentKBytesPerSec" : 8.288211597511731
  },
  "Token Request" : {
    "transaction" : "Token Request",
    "sampleCount" : 2450,
    "errorCount" : 0,
    "errorPct" : 0.0,
    "meanResTime" : 291.6959183673472,
    "medianResTime" : 274.0,
    "minResTime" : 248.0,
    "maxResTime" : 1664.0,
    "pct1ResTime" : 334.0,
    "pct2ResTime" : 362.4499999999998,
    "pct3ResTime" : 486.47999999998865,
    "throughput" : 42.509629732449596,
    "receivedKBytesPerSec" : 11.250107087396328,
    "sentKBytesPerSec" : 10.751947363969185
  },
  "Get Request" : {
    "transaction" : "Get Request",
    "sampleCount" : 2450,
    "errorCount" : 0,
    "errorPct" : 0.0,
    "meanResTime" : 14338.471428571447,
    "medianResTime" : 13545.0,
    "minResTime" : 753.0,
    "maxResTime" : 22727.0,
    "pct1ResTime" : 21132.0,
    "pct2ResTime" : 21893.05,
    "pct3ResTime" : 22226.47,
    "throughput" : 42.23336953336436,
    "receivedKBytesPerSec" : 17.03357579812449,
    "sentKBytesPerSec" : 7.836269737635965
  },
  "Debug Sampler" : {
    "transaction" : "Debug Sampler",
    "sampleCount" : 2450,
    "errorCount" : 0,
    "errorPct" : 0.0,
    "meanResTime" : 0.12897959183673507,
    "medianResTime" : 0.0,
    "minResTime" : 0.0,
    "maxResTime" : 5.0,
    "pct1ResTime" : 1.0,
    "pct2ResTime" : 1.0,
    "pct3ResTime" : 1.0,
    "throughput" : 62.57502617934768,
    "receivedKBytesPerSec" : 21.611879597348864,
    "sentKBytesPerSec" : 0.0
  },
  "Total" : {
    "transaction" : "Total",
    "sampleCount" : 14700,
    "errorCount" : 1246,
    "errorPct" : 8.476191,
    "meanResTime" : 13040.524285714275,
    "medianResTime" : 13355.0,
    "minResTime" : 0.0,
    "maxResTime" : 61722.0,
    "pct1ResTime" : 29659.9,
    "pct2ResTime" : 30281.0,
    "pct3ResTime" : 32740.97,
    "throughput" : 159.3945176960444,
    "receivedKBytesPerSec" : 69.42054383213697,
    "sentKBytesPerSec" : 39.72669676887253
  },
  "Create Request" : {
    "transaction" : "Create Request",
    "sampleCount" : 2450,
    "errorCount" : 0,
    "errorPct" : 0.0,
    "meanResTime" : 24710.104489795944,
    "medianResTime" : 27830.5,
    "minResTime" : 9779.0,
    "maxResTime" : 61722.0,
    "pct1ResTime" : 31904.9,
    "pct2ResTime" : 33018.649999999994,
    "pct3ResTime" : 34511.96,
    "throughput" : 39.59148055977506,
    "receivedKBytesPerSec" : 17.127954968730812,
    "sentKBytesPerSec" : 16.586665195452635
  },
  "Update Request" : {
    "transaction" : "Update Request",
    "sampleCount" : 2450,
    "errorCount" : 649,
    "errorPct" : 26.489796,
    "meanResTime" : 27055.4412244898,
    "medianResTime" : 27255.0,
    "minResTime" : 14976.0,
    "maxResTime" : 31014.0,
    "pct1ResTime" : 30264.0,
    "pct2ResTime" : 30276.0,
    "pct3ResTime" : 30329.0,
    "throughput" : 34.16014835264428,
    "receivedKBytesPerSec" : 16.470738717565286,
    "sentKBytesPerSec" : 15.612255301794452
  }
}