{
  "Delete Request" : {
    "transaction" : "Delete Request",
    "sampleCount" : 2100,
    "errorCount" : 0,
    "errorPct" : 0.0,
    "meanResTime" : 13965.678095238098,
    "medianResTime" : 14420.0,
    "minResTime" : 2781.0,
    "maxResTime" : 25520.0,
    "pct1ResTime" : 21423.8,
    "pct2ResTime" : 22830.799999999974,
    "pct3ResTime" : 25287.97,
    "throughput" : 31.63222269084774,
    "receivedKBytesPerSec" : 7.6609289329396875,
    "sentKBytesPerSec" : 7.568256405525094
  },
  "Token Request" : {
    "transaction" : "Token Request",
    "sampleCount" : 2100,
    "errorCount" : 0,
    "errorPct" : 0.0,
    "meanResTime" : 361.0623809523813,
    "medianResTime" : 286.0,
    "minResTime" : 248.0,
    "maxResTime" : 3078.0,
    "pct1ResTime" : 495.0,
    "pct2ResTime" : 678.0,
    "pct3ResTime" : 1459.909999999998,
    "throughput" : 40.20369874028411,
    "receivedKBytesPerSec" : 10.639846053336907,
    "sentKBytesPerSec" : 10.168708958724203
  },
  "Get Request" : {
    "transaction" : "Get Request",
    "sampleCount" : 2100,
    "errorCount" : 0,
    "errorPct" : 0.0,
    "meanResTime" : 9852.13285714286,
    "medianResTime" : 11420.5,
    "minResTime" : 296.0,
    "maxResTime" : 14297.0,
    "pct1ResTime" : 12984.9,
    "pct2ResTime" : 13300.0,
    "pct3ResTime" : 13697.99,
    "throughput" : 41.13533525298231,
    "receivedKBytesPerSec" : 16.59071626902509,
    "sentKBytesPerSec" : 7.632532908268202
  },
  "Debug Sampler" : {
    "transaction" : "Debug Sampler",
    "sampleCount" : 2100,
    "errorCount" : 0,
    "errorPct" : 0.0,
    "meanResTime" : 0.13285714285714276,
    "medianResTime" : 0.0,
    "minResTime" : 0.0,
    "maxResTime" : 11.0,
    "pct1ResTime" : 1.0,
    "pct2ResTime" : 1.0,
    "pct3ResTime" : 1.0,
    "throughput" : 34.41438193408827,
    "receivedKBytesPerSec" : 11.874786190409859,
    "sentKBytesPerSec" : 0.0
  },
  "Total" : {
    "transaction" : "Total",
    "sampleCount" : 12600,
    "errorCount" : 0,
    "errorPct" : 0.0,
    "meanResTime" : 11669.388095238093,
    "medianResTime" : 11840.5,
    "minResTime" : 0.0,
    "maxResTime" : 52817.0,
    "pct1ResTime" : 24701.5,
    "pct2ResTime" : 29852.14999999998,
    "pct3ResTime" : 42321.51999999999,
    "throughput" : 157.9719411742581,
    "receivedKBytesPerSec" : 55.08279716120661,
    "sentKBytesPerSec" : 40.90712213675857
  },
  "Create Request" : {
    "transaction" : "Create Request",
    "sampleCount" : 2100,
    "errorCount" : 0,
    "errorPct" : 0.0,
    "meanResTime" : 25244.22190476191,
    "medianResTime" : 22836.0,
    "minResTime" : 7525.0,
    "maxResTime" : 52817.0,
    "pct1ResTime" : 37642.00000000001,
    "pct2ResTime" : 44475.34999999999,
    "pct3ResTime" : 48656.36999999999,
    "throughput" : 39.409236774447805,
    "receivedKBytesPerSec" : 17.04911317488318,
    "sentKBytesPerSec" : 16.510315015857525
  },
  "Update Request" : {
    "transaction" : "Update Request",
    "sampleCount" : 2100,
    "errorCount" : 0,
    "errorPct" : 0.0,
    "meanResTime" : 20593.100476190462,
    "medianResTime" : 21783.0,
    "minResTime" : 369.0,
    "maxResTime" : 25570.0,
    "pct1ResTime" : 24887.9,
    "pct2ResTime" : 25143.0,
    "pct3ResTime" : 25485.97,
    "throughput" : 33.16278188364601,
    "receivedKBytesPerSec" : 13.407609081864697,
    "sentKBytesPerSec" : 15.15642765776009
  }
}