{
  "Delete Request" : {
    "transaction" : "Delete Request",
    "sampleCount" : 2300,
    "errorCount" : 0,
    "errorPct" : 0.0,
    "meanResTime" : 11511.97521739132,
    "medianResTime" : 12421.0,
    "minResTime" : 263.0,
    "maxResTime" : 19852.0,
    "pct1ResTime" : 17841.9,
    "pct2ResTime" : 19429.0,
    "pct3ResTime" : 19702.94,
    "throughput" : 24.432476072107672,
    "receivedKBytesPerSec" : 5.917240298713577,
    "sentKBytesPerSec" : 5.845660778971074
  },
  "Token Request" : {
    "transaction" : "Token Request",
    "sampleCount" : 2300,
    "errorCount" : 0,
    "errorPct" : 0.0,
    "meanResTime" : 1011.4926086956516,
    "medianResTime" : 472.0,
    "minResTime" : 249.0,
    "maxResTime" : 28095.0,
    "pct1ResTime" : 2172.6000000000004,
    "pct2ResTime" : 3526.0499999999893,
    "pct3ResTime" : 7097.399999999987,
    "throughput" : 24.127477000220296,
    "receivedKBytesPerSec" : 6.385299088925488,
    "sentKBytesPerSec" : 6.102555217829156
  },
  "Get Request" : {
    "transaction" : "Get Request",
    "sampleCount" : 2300,
    "errorCount" : 0,
    "errorPct" : 0.0,
    "meanResTime" : 7077.006086956516,
    "medianResTime" : 7870.5,
    "minResTime" : 346.0,
    "maxResTime" : 50780.0,
    "pct1ResTime" : 10521.0,
    "pct2ResTime" : 11035.75,
    "pct3ResTime" : 11484.929999999998,
    "throughput" : 24.194227047041995,
    "receivedKBytesPerSec" : 9.75802321330893,
    "sentKBytesPerSec" : 4.48916322161912
  },
  "Debug Sampler" : {
    "transaction" : "Debug Sampler",
    "sampleCount" : 2300,
    "errorCount" : 0,
    "errorPct" : 0.0,
    "meanResTime" : 0.17304347826086977,
    "medianResTime" : 0.0,
    "minResTime" : 0.0,
    "maxResTime" : 6.0,
    "pct1ResTime" : 1.0,
    "pct2ResTime" : 1.0,
    "pct3ResTime" : 1.0,
    "throughput" : 24.780210308567487,
    "receivedKBytesPerSec" : 8.55203440139631,
    "sentKBytesPerSec" : 0.0
  },
  "Total" : {
    "transaction" : "Total",
    "sampleCount" : 13800,
    "errorCount" : 0,
    "errorPct" : 0.0,
    "meanResTime" : 11185.442173913061,
    "medianResTime" : 8127.5,
    "minResTime" : 0.0,
    "maxResTime" : 79838.0,
    "pct1ResTime" : 28945.899999999994,
    "pct2ResTime" : 40373.74999999999,
    "pct3ResTime" : 56068.869999999995,
    "throughput" : 126.41182775014428,
    "receivedKBytesPerSec" : 44.07950519616734,
    "sentKBytesPerSec" : 32.73457323412753
  },
  "Create Request" : {
    "transaction" : "Create Request",
    "sampleCount" : 2300,
    "errorCount" : 0,
    "errorPct" : 0.0,
    "meanResTime" : 33751.14260869566,
    "medianResTime" : 34585.5,
    "minResTime" : 6106.0,
    "maxResTime" : 79838.0,
    "pct1ResTime" : 54237.8,
    "pct2ResTime" : 56764.0,
    "pct3ResTime" : 64770.49999999997,
    "throughput" : 28.100183262064753,
    "receivedKBytesPerSec" : 12.15662225106903,
    "sentKBytesPerSec" : 11.772440058032988
  },
  "Update Request" : {
    "transaction" : "Update Request",
    "sampleCount" : 2300,
    "errorCount" : 0,
    "errorPct" : 0.0,
    "meanResTime" : 13760.863478260866,
    "medianResTime" : 15800.5,
    "minResTime" : 262.0,
    "maxResTime" : 21279.0,
    "pct1ResTime" : 19248.7,
    "pct2ResTime" : 19487.95,
    "pct3ResTime" : 19820.93,
    "throughput" : 24.21562434196673,
    "receivedKBytesPerSec" : 9.79030124763108,
    "sentKBytesPerSec" : 11.067297062539481
  }
}