{
  "Delete Request" : {
    "transaction" : "Delete Request",
    "sampleCount" : 1850,
    "errorCount" : 0,
    "errorPct" : 0.0,
    "meanResTime" : 9066.842162162173,
    "medianResTime" : 8223.5,
    "minResTime" : 1810.0,
    "maxResTime" : 19884.0,
    "pct1ResTime" : 13265.100000000004,
    "pct2ResTime" : 17973.39999999999,
    "pct3ResTime" : 18927.45,
    "throughput" : 40.708548795247005,
    "receivedKBytesPerSec" : 9.859101661348884,
    "sentKBytesPerSec" : 9.70008389261745
  },
  "Token Request" : {
    "transaction" : "Token Request",
    "sampleCount" : 1850,
    "errorCount" : 0,
    "errorPct" : 0.0,
    "meanResTime" : 363.00270270270244,
    "medianResTime" : 309.0,
    "minResTime" : 249.0,
    "maxResTime" : 6084.0,
    "pct1ResTime" : 401.0,
    "pct2ResTime" : 460.4499999999962,
    "pct3ResTime" : 1548.3600000000042,
    "throughput" : 50.572701675733306,
    "receivedKBytesPerSec" : 13.38398647863645,
    "sentKBytesPerSec" : 12.791337630873949
  },
  "Get Request" : {
    "transaction" : "Get Request",
    "sampleCount" : 1850,
    "errorCount" : 0,
    "errorPct" : 0.0,
    "meanResTime" : 9031.510810810789,
    "medianResTime" : 9587.0,
    "minResTime" : 322.0,
    "maxResTime" : 13645.0,
    "pct1ResTime" : 12949.9,
    "pct2ResTime" : 13148.45,
    "pct3ResTime" : 13246.47,
    "throughput" : 50.47611252080434,
    "receivedKBytesPerSec" : 20.358041475675968,
    "sentKBytesPerSec" : 9.31639186175002
  },
  "Debug Sampler" : {
    "transaction" : "Debug Sampler",
    "sampleCount" : 1850,
    "errorCount" : 0,
    "errorPct" : 0.0,
    "meanResTime" : 0.124864864864865,
    "medianResTime" : 0.0,
    "minResTime" : 0.0,
    "maxResTime" : 3.0,
    "pct1ResTime" : 1.0,
    "pct2ResTime" : 1.0,
    "pct3ResTime" : 1.0,
    "throughput" : 51.738121207036386,
    "receivedKBytesPerSec" : 17.798388908115893,
    "sentKBytesPerSec" : 0.0
  },
  "Total" : {
    "transaction" : "Total",
    "sampleCount" : 11100,
    "errorCount" : 0,
    "errorPct" : 0.0,
    "meanResTime" : 9313.205135135173,
    "medianResTime" : 8615.0,
    "minResTime" : 0.0,
    "maxResTime" : 43488.0,
    "pct1ResTime" : 22663.799999999996,
    "pct2ResTime" : 25162.85,
    "pct3ResTime" : 28597.899999999998,
    "throughput" : 181.20673893169646,
    "receivedKBytesPerSec" : 63.123456146132625,
    "sentKBytesPerSec" : 46.83533551815332
  },
  "Create Request" : {
    "transaction" : "Create Request",
    "sampleCount" : 1850,
    "errorCount" : 0,
    "errorPct" : 0.0,
    "meanResTime" : 22413.156756756776,
    "medianResTime" : 23507.5,
    "minResTime" : 8005.0,
    "maxResTime" : 43488.0,
    "pct1ResTime" : 27488.800000000003,
    "pct2ResTime" : 28749.949999999993,
    "pct3ResTime" : 29687.47,
    "throughput" : 40.791127378563715,
    "receivedKBytesPerSec" : 17.60710771613785,
    "sentKBytesPerSec" : 17.089251606839678
  },
  "Update Request" : {
    "transaction" : "Update Request",
    "sampleCount" : 1850,
    "errorCount" : 0,
    "errorPct" : 0.0,
    "meanResTime" : 15004.593513513537,
    "medianResTime" : 14933.5,
    "minResTime" : 965.0,
    "maxResTime" : 20847.0,
    "pct1ResTime" : 17804.9,
    "pct2ResTime" : 19951.899999999994,
    "pct3ResTime" : 20251.0,
    "throughput" : 41.479820627802695,
    "receivedKBytesPerSec" : 16.770161855381165,
    "sentKBytesPerSec" : 18.91706663396861
  }
}