{
  "Delete Request" : {
    "transaction" : "Delete Request",
    "sampleCount" : 2400,
    "errorCount" : 1,
    "errorPct" : 0.041666668,
    "meanResTime" : 9183.418750000017,
    "medianResTime" : 10150.0,
    "minResTime" : 255.0,
    "maxResTime" : 18671.0,
    "pct1ResTime" : 13120.6,
    "pct2ResTime" : 13571.8,
    "pct3ResTime" : 14434.99,
    "throughput" : 18.85799146675886,
    "receivedKBytesPerSec" : 4.567200501701148,
    "sentKBytesPerSec" : 4.511883419798534
  },
  "Token Request" : {
    "transaction" : "Token Request",
    "sampleCount" : 2400,
    "errorCount" : 0,
    "errorPct" : 0.0,
    "meanResTime" : 2399.7004166666634,
    "medianResTime" : 1960.0,
    "minResTime" : 247.0,
    "maxResTime" : 21577.0,
    "pct1ResTime" : 4736.0,
    "pct2ResTime" : 5237.799999999999,
    "pct3ResTime" : 14769.049999999652,
    "throughput" : 18.605228069087413,
    "receivedKBytesPerSec" : 4.923844537815126,
    "sentKBytesPerSec" : 4.705814521380508
  },
  "Get Request" : {
    "transaction" : "Get Request",
    "sampleCount" : 2400,
    "errorCount" : 0,
    "errorPct" : 0.0,
    "meanResTime" : 5304.61916666667,
    "medianResTime" : 5460.0,
    "minResTime" : 297.0,
    "maxResTime" : 22025.0,
    "pct1ResTime" : 7835.9,
    "pct2ResTime" : 8148.9,
    "pct3ResTime" : 9599.57999999999,
    "throughput" : 18.571107998730973,
    "receivedKBytesPerSec" : 8.135643022196342,
    "sentKBytesPerSec" : 3.4457732714360882
  },
  "Debug Sampler" : {
    "transaction" : "Debug Sampler",
    "sampleCount" : 2400,
    "errorCount" : 0,
    "errorPct" : 0.0,
    "meanResTime" : 0.12666666666666646,
    "medianResTime" : 0.0,
    "minResTime" : 0.0,
    "maxResTime" : 7.0,
    "pct1ResTime" : 1.0,
    "pct2ResTime" : 1.0,
    "pct3ResTime" : 1.0,
    "throughput" : 19.844715104308783,
    "receivedKBytesPerSec" : 6.849067182112471,
    "sentKBytesPerSec" : 0.0
  },
  "Total" : {
    "transaction" : "Total",
    "sampleCount" : 14400,
    "errorCount" : 3,
    "errorPct" : 0.020833334,
    "meanResTime" : 10955.541249999987,
    "medianResTime" : 6311.0,
    "minResTime" : 0.0,
    "maxResTime" : 144092.0,
    "pct1ResTime" : 30157.9,
    "pct2ResTime" : 48039.09999999998,
    "pct3ResTime" : 76422.78,
    "throughput" : 97.5953587984927,
    "receivedKBytesPerSec" : 34.606945176315506,
    "sentKBytesPerSec" : 25.269557406742212
  },
  "Create Request" : {
    "transaction" : "Create Request",
    "sampleCount" : 2400,
    "errorCount" : 1,
    "errorPct" : 0.041666668,
    "meanResTime" : 39011.65458333328,
    "medianResTime" : 35989.0,
    "minResTime" : 12448.0,
    "maxResTime" : 144092.0,
    "pct1ResTime" : 61330.100000000006,
    "pct2ResTime" : 77514.94999999998,
    "pct3ResTime" : 80867.62999999999,
    "throughput" : 16.58271666355741,
    "receivedKBytesPerSec" : 7.18520962022124,
    "sentKBytesPerSec" : 6.944356726623551
  },
  "Update Request" : {
    "transaction" : "Update Request",
    "sampleCount" : 2400,
    "errorCount" : 1,
    "errorPct" : 0.041666668,
    "meanResTime" : 9833.727916666665,
    "medianResTime" : 10072.0,
    "minResTime" : 261.0,
    "maxResTime" : 23381.0,
    "pct1ResTime" : 13464.0,
    "pct2ResTime" : 14416.649999999998,
    "pct3ResTime" : 21317.93,
    "throughput" : 18.61215373638986,
    "receivedKBytesPerSec" : 7.523608717273629,
    "sentKBytesPerSec" : 8.506298020810714
  }
}