{
  "Delete Request" : {
    "transaction" : "Delete Request",
    "sampleCount" : 1600,
    "errorCount" : 0,
    "errorPct" : 0.0,
    "meanResTime" : 7503.213750000005,
    "medianResTime" : 7193.0,
    "minResTime" : 1790.0,
    "maxResTime" : 14355.0,
    "pct1ResTime" : 10198.9,
    "pct2ResTime" : 11136.95,
    "pct3ResTime" : 11694.680000000004,
    "throughput" : 65.01950585175553,
    "receivedKBytesPerSec" : 15.74691157347204,
    "sentKBytesPerSec" : 15.492929128738622
  },
  "Token Request" : {
    "transaction" : "Token Request",
    "sampleCount" : 1600,
    "errorCount" : 0,
    "errorPct" : 0.0,
    "meanResTime" : 346.1024999999995,
    "medianResTime" : 327.0,
    "minResTime" : 248.0,
    "maxResTime" : 1406.0,
    "pct1ResTime" : 441.0,
    "pct2ResTime" : 482.0,
    "pct3ResTime" : 637.99,
    "throughput" : 54.841473864610116,
    "receivedKBytesPerSec" : 14.513710368466151,
    "sentKBytesPerSec" : 13.871036846615253
  },
  "Get Request" : {
    "transaction" : "Get Request",
    "sampleCount" : 1600,
    "errorCount" : 0,
    "errorPct" : 0.0,
    "meanResTime" : 7993.409999999997,
    "medianResTime" : 7754.0,
    "minResTime" : 520.0,
    "maxResTime" : 11079.0,
    "pct1ResTime" : 10322.9,
    "pct2ResTime" : 10687.0,
    "pct3ResTime" : 11049.0,
    "throughput" : 54.357057924239854,
    "receivedKBytesPerSec" : 21.92330558858502,
    "sentKBytesPerSec" : 10.032699167657551
  },
  "Debug Sampler" : {
    "transaction" : "Debug Sampler",
    "sampleCount" : 1600,
    "errorCount" : 0,
    "errorPct" : 0.0,
    "meanResTime" : 0.17250000000000001,
    "medianResTime" : 0.0,
    "minResTime" : 0.0,
    "maxResTime" : 6.0,
    "pct1ResTime" : 1.0,
    "pct2ResTime" : 1.0,
    "pct3ResTime" : 1.0,
    "throughput" : 159.6806387225549,
    "receivedKBytesPerSec" : 54.91858080713573,
    "sentKBytesPerSec" : 0.0
  },
  "Total" : {
    "transaction" : "Total",
    "sampleCount" : 9600,
    "errorCount" : 0,
    "errorPct" : 0.0,
    "meanResTime" : 8024.709895833366,
    "medianResTime" : 7558.0,
    "minResTime" : 0.0,
    "maxResTime" : 34147.0,
    "pct1ResTime" : 19080.5,
    "pct2ResTime" : 21808.749999999993,
    "pct3ResTime" : 24258.98,
    "throughput" : 185.76929775335256,
    "receivedKBytesPerSec" : 64.71030012747451,
    "sentKBytesPerSec" : 48.01459063026105
  },
  "Create Request" : {
    "transaction" : "Create Request",
    "sampleCount" : 1600,
    "errorCount" : 0,
    "errorPct" : 0.0,
    "meanResTime" : 18374.208749999987,
    "medianResTime" : 20152.0,
    "minResTime" : 8467.0,
    "maxResTime" : 34147.0,
    "pct1ResTime" : 23523.6,
    "pct2ResTime" : 24572.9,
    "pct3ResTime" : 25440.96,
    "throughput" : 44.657809534442336,
    "receivedKBytesPerSec" : 19.276124818577646,
    "sentKBytesPerSec" : 18.70917997097242
  },
  "Update Request" : {
    "transaction" : "Update Request",
    "sampleCount" : 1600,
    "errorCount" : 0,
    "errorPct" : 0.0,
    "meanResTime" : 13931.151875000014,
    "medianResTime" : 13101.5,
    "minResTime" : 7947.0,
    "maxResTime" : 18545.0,
    "pct1ResTime" : 18085.9,
    "pct2ResTime" : 18299.0,
    "pct3ResTime" : 18418.98,
    "throughput" : 43.73018476003061,
    "receivedKBytesPerSec" : 17.679977041653,
    "sentKBytesPerSec" : 19.943355745053022
  }
}