{
  "Delete Request" : {
    "transaction" : "Delete Request",
    "sampleCount" : 2000,
    "errorCount" : 0,
    "errorPct" : 0.0,
    "meanResTime" : 10236.408000000007,
    "medianResTime" : 9782.0,
    "minResTime" : 2834.0,
    "maxResTime" : 20892.0,
    "pct1ResTime" : 13934.300000000001,
    "pct2ResTime" : 14763.95,
    "pct3ResTime" : 18097.96,
    "throughput" : 55.014578863398796,
    "receivedKBytesPerSec" : 13.323843318479398,
    "sentKBytesPerSec" : 13.122964890383452
  },
  "Token Request" : {
    "transaction" : "Token Request",
    "sampleCount" : 2000,
    "errorCount" : 0,
    "errorPct" : 0.0,
    "meanResTime" : 359.98000000000013,
    "medianResTime" : 335.0,
    "minResTime" : 252.0,
    "maxResTime" : 1914.0,
    "pct1ResTime" : 482.0,
    "pct2ResTime" : 525.0,
    "pct3ResTime" : 763.1300000000008,
    "throughput" : 55.01306560308073,
    "receivedKBytesPerSec" : 14.559121853940312,
    "sentKBytesPerSec" : 13.91443749140421
  },
  "Get Request" : {
    "transaction" : "Get Request",
    "sampleCount" : 2000,
    "errorCount" : 0,
    "errorPct" : 0.0,
    "meanResTime" : 10224.894000000013,
    "medianResTime" : 10102.5,
    "minResTime" : 361.0,
    "maxResTime" : 14436.0,
    "pct1ResTime" : 13264.9,
    "pct2ResTime" : 13430.349999999999,
    "pct3ResTime" : 14055.66,
    "throughput" : 54.92543871694175,
    "receivedKBytesPerSec" : 22.15254510751655,
    "sentKBytesPerSec" : 10.15160493848351
  },
  "Debug Sampler" : {
    "transaction" : "Debug Sampler",
    "sampleCount" : 2000,
    "errorCount" : 0,
    "errorPct" : 0.0,
    "meanResTime" : 0.6739999999999987,
    "medianResTime" : 0.0,
    "minResTime" : 0.0,
    "maxResTime" : 139.0,
    "pct1ResTime" : 1.0,
    "pct2ResTime" : 1.0,
    "pct3ResTime" : 2.990000000000009,
    "throughput" : 131.15614138632043,
    "receivedKBytesPerSec" : 45.15793043806151,
    "sentKBytesPerSec" : 0.0
  },
  "Total" : {
    "transaction" : "Total",
    "sampleCount" : 12000,
    "errorCount" : 0,
    "errorPct" : 0.0,
    "meanResTime" : 9880.195500000027,
    "medianResTime" : 9845.0,
    "minResTime" : 0.0,
    "maxResTime" : 42769.0,
    "pct1ResTime" : 22421.9,
    "pct2ResTime" : 24890.799999999996,
    "pct3ResTime" : 28647.0,
    "throughput" : 182.31540565177755,
    "receivedKBytesPerSec" : 63.526444042464306,
    "sentKBytesPerSec" : 47.145119976830756
  },
  "Create Request" : {
    "transaction" : "Create Request",
    "sampleCount" : 2000,
    "errorCount" : 0,
    "errorPct" : 0.0,
    "meanResTime" : 20382.342500000068,
    "medianResTime" : 22346.0,
    "minResTime" : 6853.0,
    "maxResTime" : 42769.0,
    "pct1ResTime" : 28151.7,
    "pct2ResTime" : 28850.9,
    "pct3ResTime" : 30804.670000000002,
    "throughput" : 46.13929453018663,
    "receivedKBytesPerSec" : 19.92735404122546,
    "sentKBytesPerSec" : 19.32984116547858
  },
  "Update Request" : {
    "transaction" : "Update Request",
    "sampleCount" : 2000,
    "errorCount" : 0,
    "errorPct" : 0.0,
    "meanResTime" : 18076.874499999984,
    "medianResTime" : 17575.5,
    "minResTime" : 11655.0,
    "maxResTime" : 23159.0,
    "pct1ResTime" : 22427.9,
    "pct2ResTime" : 22698.95,
    "pct3ResTime" : 23133.760000000002,
    "throughput" : 41.94806829145518,
    "receivedKBytesPerSec" : 16.95947292252192,
    "sentKBytesPerSec" : 19.141305017513318
  }
}