{
  "Delete Request" : {
    "transaction" : "Delete Request",
    "sampleCount" : 1000,
    "errorCount" : 0,
    "errorPct" : 0.0,
    "meanResTime" : 4090.4310000000014,
    "medianResTime" : 4252.0,
    "minResTime" : 262.0,
    "maxResTime" : 6479.0,
    "pct1ResTime" : 5533.6,
    "pct2ResTime" : 5662.9,
    "pct3ResTime" : 5775.96,
    "throughput" : 95.2018278750952,
    "receivedKBytesPerSec" : 23.05669268849962,
    "sentKBytesPerSec" : 22.68481054836253
  },
  "Token Request" : {
    "transaction" : "Token Request",
    "sampleCount" : 1000,
    "errorCount" : 0,
    "errorPct" : 0.0,
    "meanResTime" : 358.2839999999999,
    "medianResTime" : 344.0,
    "minResTime" : 250.0,
    "maxResTime" : 1317.0,
    "pct1ResTime" : 434.9,
    "pct2ResTime" : 484.89999999999986,
    "pct3ResTime" : 765.4300000000005,
    "throughput" : 48.04227720393946,
    "receivedKBytesPerSec" : 12.714313595964448,
    "sentKBytesPerSec" : 12.151318159980782
  },
  "Get Request" : {
    "transaction" : "Get Request",
    "sampleCount" : 1000,
    "errorCount" : 0,
    "errorPct" : 0.0,
    "meanResTime" : 5126.451999999996,
    "medianResTime" : 5310.5,
    "minResTime" : 319.0,
    "maxResTime" : 7791.0,
    "pct1ResTime" : 6634.9,
    "pct2ResTime" : 7727.95,
    "pct3ResTime" : 7766.98,
    "throughput" : 47.78059152372306,
    "receivedKBytesPerSec" : 19.27088310478284,
    "sentKBytesPerSec" : 8.818878708968418
  },
  "Debug Sampler" : {
    "transaction" : "Debug Sampler",
    "sampleCount" : 1000,
    "errorCount" : 0,
    "errorPct" : 0.0,
    "meanResTime" : 0.13399999999999987,
    "medianResTime" : 0.0,
    "minResTime" : 0.0,
    "maxResTime" : 6.0,
    "pct1ResTime" : 1.0,
    "pct2ResTime" : 1.0,
    "pct3ResTime" : 1.0,
    "throughput" : 257.2678157962439,
    "receivedKBytesPerSec" : 88.3782781547466,
    "sentKBytesPerSec" : 0.0
  },
  "Total" : {
    "transaction" : "Total",
    "sampleCount" : 6000,
    "errorCount" : 0,
    "errorPct" : 0.0,
    "meanResTime" : 4933.703000000003,
    "medianResTime" : 4546.5,
    "minResTime" : 0.0,
    "maxResTime" : 31203.0,
    "pct1ResTime" : 10163.500000000004,
    "pct2ResTime" : 13974.849999999999,
    "pct3ResTime" : 19260.989999999998,
    "throughput" : 184.58698661744347,
    "receivedKBytesPerSec" : 64.28611343447162,
    "sentKBytesPerSec" : 47.70900630672204
  },
  "Create Request" : {
    "transaction" : "Create Request",
    "sampleCount" : 1000,
    "errorCount" : 0,
    "errorPct" : 0.0,
    "meanResTime" : 12295.543999999998,
    "medianResTime" : 10669.5,
    "minResTime" : 8052.0,
    "maxResTime" : 31203.0,
    "pct1ResTime" : 18481.3,
    "pct2ResTime" : 19330.649999999998,
    "pct3ResTime" : 19587.99,
    "throughput" : 32.03895937459951,
    "receivedKBytesPerSec" : 13.829316448801743,
    "sentKBytesPerSec" : 13.422571847366397
  },
  "Update Request" : {
    "transaction" : "Update Request",
    "sampleCount" : 1000,
    "errorCount" : 0,
    "errorPct" : 0.0,
    "meanResTime" : 7731.37299999999,
    "medianResTime" : 7857.5,
    "minResTime" : 259.0,
    "maxResTime" : 11095.0,
    "pct1ResTime" : 9575.9,
    "pct2ResTime" : 9643.0,
    "pct3ResTime" : 9817.65,
    "throughput" : 48.79000780640125,
    "receivedKBytesPerSec" : 19.725647687353632,
    "sentKBytesPerSec" : 22.250911763270885
  }
}